id,region,condition,count,prevalence,year,population,metric,source,note,system,qualifier,model_key,dataYear,status,checked,preferred,aggregate,gbdId,lower,upper,sourceTitle,english,comparison
E001,全球,高血压,1400000000,,2024,30–79岁,现患人数/患病率,https://www.who.int/news-room/fact-sheets/detail/hypertension,年龄受限；非全龄病例总数,心血管,约,hypertension,2024,verified,2026-10-05,True,False,,,,WHO事实表,,
E002,全球,糖尿病,830000000,,2022,≥18岁,现患人数/患病率,https://www.who.int/news-room/fact-sheets/detail/diabetes,WHO/NCD-RisC；不与IDF另一估计相加,代谢,约,diabetes,2022,verified,2026-10-05,True,False,587,,,WHO事实表,Diabetes mellitus,
E003,全球,慢性肾脏病,788000000,,2023,≥20岁,现患人数/患病率,https://www.thelancet.com/journals/lancet/article/PIIS0140-6736(25)01853-7/fulltext,GBD2023；95% UI 743–843百万；成年口径,肾脏,约,ckd,2023,pending,,True,False,589,,,原始研究 / 机构报告,Chronic kidney disease,
E004,全球,缺血性心脏病,239000000,,2023,全龄,现患人数/患病率,https://www.healthdata.org/research-analysis/library/global-regional-and-national-burden-cardiovascular-diseases-and-risk,GBD2023/JACC；含症状性和亚临床阻塞性冠状动脉病,心血管,约,ihd,2023,pending,,True,False,493,,,原始研究 / 机构报告,Ischemic heart disease,
E005,全球,慢阻肺,391900000,,2019,30–79岁,现患人数/患病率,https://pmc.ncbi.nlm.nih.gov/articles/PMC9050565/,GOLD肺功能固定比值定义；LLN为292百万；非最新同口径调查,呼吸,约,copd,2019,pending,,True,False,509,,,原始研究 / 机构报告,Chronic obstructive pulmonary disease,
E006,全球,哮喘,363000000,,2023,全龄,现患人数/患病率,https://www.who.int/news-room/fact-sheets/detail/asthma,WHO基于GBD2023,呼吸,约,asthma,2023,verified,2026-10-05,True,False,515,,,WHO事实表,Asthma,
E007,全球,抑郁障碍,322000000,,2023,全龄,现患人数/患病率,https://www.who.int/news-room/fact-sheets/detail/depression,不是抑郁情绪或筛查阳性人数,精神,约,depression,2023,verified,2026-10-05,True,False,567,,,WHO事实表,Depressive disorders,
E008,全球,焦虑障碍,470000000,,2023,全龄,现患人数/患病率,https://www.who.int/news-room/fact-sheets/detail/anxiety-disorders,不是短暂焦虑情绪人数,精神,约,anxiety,2023,verified,2026-10-05,True,False,571,,,WHO事实表,Anxiety disorders,
E009,全球,双相障碍,36000000,,2023,全龄,现患人数/患病率,https://www.who.int/news-room/fact-sheets/detail/bipolar-disorder,不再同时累加精神障碍总类,精神,约,bipolar,2023,verified,2026-10-05,True,False,570,,,WHO事实表,Bipolar disorder,
E010,全球,精神分裂症,27000000,,原页未明确对应年份,全龄,现患人数/患病率,https://www.who.int/news-room/fact-sheets/detail/schizophrenia,2026年WHO页面；本表保留人数，不推定年份,精神,约,schizophrenia,,verified,2026-10-05,True,False,559,,,WHO事实表,Schizophrenia,
E011,全球,痴呆,57000000,,2021,全龄,现患人数/患病率,https://www.who.int/news-room/fact-sheets/detail/dementia,包括阿尔茨海默病等；不能再加AD子类,神经,约,dementia,2021,verified,2026-10-05,True,False,543,,,WHO事实表,Alzheimer's disease and other dementias,
E012,全球,癫痫,50000000,,原页未明确对应年份,全龄,现患人数/患病率,https://www.who.int/news-room/fact-sheets/detail/epilepsy,WHO约数,神经,约,epilepsy,,verified,2026-10-05,True,False,,,,WHO事实表,,
E013,全球,帕金森病,8500000,,2019,全龄,现患人数/患病率,https://www.who.int/news-room/fact-sheets/detail/parkinson-disease,原文为超过850万；计算仅取下限基准,神经,至少/超过,parkinson,2019,verified,2026-10-05,True,False,544,,,WHO事实表,Parkinson's disease,
E014,全球,多发性硬化,1800000,,原页未明确对应年份,全龄,现患人数/患病率,https://www.who.int/news-room/fact-sheets/detail/multiple-sclerosis,原文为超过180万；计算仅取下限基准,神经,至少/超过,ms,,verified,2026-10-05,True,False,546,,,WHO事实表,Multiple sclerosis,
E015,全球,HIV感染,41000000,,2025年末,全龄,现患人数/患病率,https://www.who.int/news-room/fact-sheets/detail/hiv-aids,现存感染，不是当年新感染,感染,约,hiv,2025,verified,2026-10-05,True,False,298,,,WHO事实表,HIV/AIDS,
E016,全球,慢性乙型肝炎感染,240000000,,2024,全龄,现患人数/患病率,https://www.who.int/news-room/fact-sheets/detail/hepatitis-b,感染状态；不等于均有症状性肝炎,感染,约,hbv,2024,verified,2026-10-05,True,False,,,,WHO事实表,,
E017,全球,慢性丙型肝炎感染,47000000,,原页未明确对应年份,全龄,现患人数/患病率,https://www.who.int/news-room/fact-sheets/detail/hepatitis-c,2026年WHO页；不等于当年新增,感染,约,hcv,,verified,2026-10-05,True,False,,,,WHO事实表,,
E018,全球,类风湿关节炎,18000000,,2019,全龄,现患人数/患病率,https://www.who.int/news-room/fact-sheets/detail/rheumatoid-arthritis,不再累加肌肉骨骼总类,肌骨,约,ra,2019,verified,2026-10-05,True,False,627,,,WHO事实表,Rheumatoid arthritis,
E019,全球,骨关节炎,528000000,,2019,全龄,现患人数/患病率,https://www.who.int/news-room/fact-sheets/detail/osteoarthritis,不再累加肌肉骨骼总类,肌骨,约,oa,2019,historical,2026-10-05,False,False,628,,,WHO事实表,Osteoarthritis,
E020,全球,腰痛,619000000,,2020,全龄,现患人数/患病率,https://www.who.int/news-room/fact-sheets/detail/low-back-pain,健康问题指标；并非所有病例为慢性腰痛,疼痛,约,low_back,2020,verified,2026-10-05,True,False,630,,,WHO事实表,Low back pain,
E021,全球,头痛类疾病,3100000000,,2021,全龄,现患人数/患病率,https://www.who.int/news-room/fact-sheets/detail/headache-disorders,大类按一项计算；不另加偏头痛/紧张型头痛,疼痛,约,headache,2021,historical,2026-10-05,False,False,972,,,WHO事实表,Headache disorders,
E022,全球,口腔疾病,3700000000,,2021,全龄,现患人数/患病率,https://www.who.int/news-room/fact-sheets/detail/oral-health,大类按一项计算；不另加龋齿/牙周病等,口腔,约,oral,2021,historical,2026-10-05,False,False,680,,,WHO事实表,Oral disorders,
E023,全球,肥胖,890000000,,2022,≥18岁,现患人数/患病率,https://www.who.int/news-room/fact-sheets/detail/obesity-and-overweight,BMI≥30；儿童160百万口径5–19岁，不可直接相加,代谢,约,obesity,2022,verified,2026-10-05,True,False,,,,WHO事实表,,
E024,全球,近或远视力损害,2200000000,,原页未明确对应年份,全龄,现患人数/患病率,https://www.who.int/news-room/fact-sheets/detail/blindness-and-visual-impairment,至少22亿；属损害指标，不等于均有严重疾病,感官,至少/超过,vision,,verified,2026-10-05,True,False,,,,WHO事实表,,
E025,全球,致残性听力损失,430000000,,原页未明确对应年份,全龄,现患人数/患病率,https://www.who.int/news-room/fact-sheets/detail/deafness-and-hearing-loss,不是任意程度听力损失；较好耳>35dB,感官,约,hearing,,verified,2026-10-05,True,False,,,,WHO事实表,,
E026,全球,糖尿病（IDF口径）,589000000,,2024,20–79岁,现患人数/患病率,https://idf.org/news-and-resources/news/idf-diabetes-atlas-11th-edition/,替代估计；不得与WHO830百万相加,代谢,约,,2024,verified,2026-10-05,True,False,587,,,IDF Diabetes Atlas 11,Diabetes mellitus,idf2024
E027,全球,精神障碍总类,1200000000,,2023,全龄,现患人数/患病率,https://www.who.int/news-room/fact-sheets/detail/mental-disorders,父类展示；不能与抑郁、焦虑等子类相加,精神,约,,2023,verified,2026-10-05,True,True,558,,,WHO事实表,Mental disorders,
E028,全球,心血管疾病总类,626000000,,2023,全龄,现患人数/患病率,https://www.healthdata.org/research-analysis/library/global-regional-and-national-burden-cardiovascular-diseases-and-risk,GBD总类；不等同包含普通高血压的中国330百万汇总；不能再加子类,心血管,约,,2023,pending,,True,True,491,,,原始研究 / 机构报告,Cardiovascular diseases,
E029,全球,下肢外周动脉疾病,122000000,,2023,全龄,现患人数/患病率,https://www.healthdata.org/research-analysis/library/global-regional-and-national-burden-cardiovascular-diseases-and-risk,GBD2023；心血管总类子类；未纳入当前模拟,心血管,约,,2023,pending,,True,False,,,,原始研究 / 机构报告,,
E030,全球,肌肉骨骼疾病总类,1710000000,,2019,全龄,现患人数/患病率,https://www.who.int/news-room/fact-sheets/detail/musculoskeletal-conditions,父类展示；不与腰痛、OA、RA相加,肌骨,约,,2019,historical,2026-10-05,False,True,626,,,WHO事实表,Musculoskeletal disorders,
E031,全球,严重牙周病,1000000000,,原页未明确对应年份,全龄,现患人数/患病率,https://www.who.int/news-room/fact-sheets/detail/oral-health,超过10亿；口腔总类子项，当前模拟排除,口腔,超过,,,verified,2026-10-05,True,True,683,,,WHO事实表,Periodontal diseases,
E032,全球,儿童青少年肥胖,160000000,,2022,5–19岁,现患人数/患病率,https://www.who.int/news-room/fact-sheets/detail/obesity-and-overweight,与成年≥18岁口径重叠18–19岁；不能相加,代谢,约,,2022,verified,2026-10-05,True,False,,,,WHO事实表,,
E033,全球,全部癌症（5年存活病例）,54244091,,2024,全龄，两性合计,5年患病人数（不是活动性癌症现患）,https://gco.iarc.who.int/media/globocan/factsheets/populations/900-world-fact-sheet.pdf,GLOBOCAN2024，2026年7月发布；含NMSC；非当前活动性癌症，模拟不计 本轮核对官方PDF第2页；5年患病人数不是年度新发，不进入当前时点疾病计数模型。,肿瘤,模型估计,,2024,verified,2026-10-05,True,True,,,,IARC · GLOBOCAN 2024（2026年7月版）,,cancer2024
E034,全球,肺癌,3568718,,2024,全龄，两性合计,5年患病人数（不是活动性癌症现患）,https://gco.iarc.who.int/media/globocan/factsheets/populations/900-world-fact-sheet.pdf,GLOBOCAN2024；不得与全部癌症行叠加；不代表仍需治疗 本轮核对官方PDF第2页；5年患病人数不是年度新发，不进入当前时点疾病计数模型。,肿瘤,模型估计,,2024,verified,2026-10-05,True,False,426,,,IARC · GLOBOCAN 2024（2026年7月版）,"Tracheal, bronchus, and lung cancer",
E035,全球,乳腺癌,8162335,,2024,女性，全龄（原始癌症登记口径）,5年患病人数（不是活动性癌症现患）,https://gco.iarc.who.int/media/globocan/factsheets/populations/900-world-fact-sheet.pdf,GLOBOCAN2024；不得与全部癌症行叠加；不代表仍需治疗 本轮核对官方PDF第2页；5年患病人数不是年度新发，不进入当前时点疾病计数模型。,肿瘤,模型估计,,2024,verified,2026-10-05,True,False,429,,,IARC · GLOBOCAN 2024（2026年7月版）,Breast cancer,
E036,全球,结直肠癌,5909291,,2024,全龄，两性合计,5年患病人数（不是活动性癌症现患）,https://gco.iarc.who.int/media/globocan/factsheets/populations/900-world-fact-sheet.pdf,GLOBOCAN2024；不得与全部癌症行叠加；不代表仍需治疗 本轮核对官方PDF第2页；5年患病人数不是年度新发，不进入当前时点疾病计数模型。,肿瘤,模型估计,,2024,verified,2026-10-05,True,False,441,,,IARC · GLOBOCAN 2024（2026年7月版）,Colon and rectum cancer,
E037,全球,前列腺癌,5180908,,2024,男性，全龄,5年患病人数（不是活动性癌症现患）,https://gco.iarc.who.int/media/globocan/factsheets/populations/900-world-fact-sheet.pdf,GLOBOCAN2024；不得与全部癌症行叠加；不代表仍需治疗 本轮核对官方PDF第2页；5年患病人数不是年度新发，不进入当前时点疾病计数模型。,肿瘤,模型估计,,2024,verified,2026-10-05,True,False,438,,,IARC · GLOBOCAN 2024（2026年7月版）,Prostate cancer,
E038,全球,胃癌,1678747,,2024,全龄，两性合计,5年患病人数（不是活动性癌症现患）,https://gco.iarc.who.int/media/globocan/factsheets/populations/900-world-fact-sheet.pdf,GLOBOCAN2024；不得与全部癌症行叠加；不代表仍需治疗 本轮核对官方PDF第2页；5年患病人数不是年度新发，不进入当前时点疾病计数模型。,肿瘤,模型估计,,2024,verified,2026-10-05,True,False,414,,,IARC · GLOBOCAN 2024（2026年7月版）,Stomach cancer,
E039,全球,甲状腺癌,3367749,,2024,全龄，两性合计,5年患病人数（不是活动性癌症现患）,https://gco.iarc.who.int/media/globocan/factsheets/populations/900-world-fact-sheet.pdf,GLOBOCAN2024；不得与全部癌症行叠加；不代表仍需治疗 本轮核对官方PDF第2页；5年患病人数不是年度新发，不进入当前时点疾病计数模型。,肿瘤,模型估计,,2024,verified,2026-10-05,True,False,480,,,IARC · GLOBOCAN 2024（2026年7月版）,Thyroid cancer,
E040,全球,肝癌,1130467,,2024,全龄，两性合计,5年患病人数（不是活动性癌症现患）,https://gco.iarc.who.int/media/globocan/factsheets/populations/900-world-fact-sheet.pdf,GLOBOCAN2024；不得与全部癌症行叠加；不代表仍需治疗 本轮核对官方PDF第2页；5年患病人数不是年度新发，不进入当前时点疾病计数模型。,肿瘤,模型估计,,2024,verified,2026-10-05,True,False,417,,,IARC · GLOBOCAN 2024（2026年7月版）,Liver cancer,
E041,全球,膀胱癌,1978407,,2024,全龄，两性合计,5年患病人数（不是活动性癌症现患）,https://gco.iarc.who.int/media/globocan/factsheets/populations/900-world-fact-sheet.pdf,GLOBOCAN2024；不得与全部癌症行叠加；不代表仍需治疗 本轮核对官方PDF第2页；5年患病人数不是年度新发，不进入当前时点疾病计数模型。,肿瘤,模型估计,,2024,verified,2026-10-05,True,False,474,,,IARC · GLOBOCAN 2024（2026年7月版）,Bladder cancer,
E042,全球,宫颈癌,1923050,,2024,女性，全龄（原始癌症登记口径）,5年患病人数（不是活动性癌症现患）,https://gco.iarc.who.int/media/globocan/factsheets/populations/900-world-fact-sheet.pdf,GLOBOCAN2024；不得与全部癌症行叠加；不代表仍需治疗 本轮核对官方PDF第2页；5年患病人数不是年度新发，不进入当前时点疾病计数模型。,肿瘤,模型估计,,2024,verified,2026-10-05,True,False,432,,,IARC · GLOBOCAN 2024（2026年7月版）,Cervical cancer,
E043,全球,非霍奇金淋巴瘤,1721285,,2024,全龄，两性合计,5年患病人数（不是活动性癌症现患）,https://gco.iarc.who.int/media/globocan/factsheets/populations/900-world-fact-sheet.pdf,GLOBOCAN2024；不得与全部癌症行叠加；不代表仍需治疗 本轮核对官方PDF第2页；5年患病人数不是年度新发，不进入当前时点疾病计数模型。,肿瘤,模型估计,,2024,verified,2026-10-05,True,False,485,,,IARC · GLOBOCAN 2024（2026年7月版）,Non-Hodgkin lymphoma,
E044,全球,胰腺癌,511868,,2024,全龄，两性合计,5年患病人数（不是活动性癌症现患）,https://gco.iarc.who.int/media/globocan/factsheets/populations/900-world-fact-sheet.pdf,GLOBOCAN2024；不得与全部癌症行叠加；不代表仍需治疗 本轮核对官方PDF第2页；5年患病人数不是年度新发，不进入当前时点疾病计数模型。,肿瘤,模型估计,,2024,verified,2026-10-05,True,False,456,,,IARC · GLOBOCAN 2024（2026年7月版）,Pancreatic cancer,
E045,全球,白血病,1488016,,2024,全龄，两性合计,5年患病人数（不是活动性癌症现患）,https://gco.iarc.who.int/media/globocan/factsheets/populations/900-world-fact-sheet.pdf,GLOBOCAN2024；不得与全部癌症行叠加；不代表仍需治疗 本轮核对官方PDF第2页；5年患病人数不是年度新发，不进入当前时点疾病计数模型。,肿瘤,模型估计,,2024,verified,2026-10-05,True,False,487,,,IARC · GLOBOCAN 2024（2026年7月版）,Leukemia,
E046,全球,食管癌,690059,,2024,全龄，两性合计,5年患病人数（不是活动性癌症现患）,https://gco.iarc.who.int/media/globocan/factsheets/populations/900-world-fact-sheet.pdf,GLOBOCAN2024；不得与全部癌症行叠加；不代表仍需治疗 本轮核对官方PDF第2页；5年患病人数不是年度新发，不进入当前时点疾病计数模型。,肿瘤,模型估计,,2024,verified,2026-10-05,True,False,411,,,IARC · GLOBOCAN 2024（2026年7月版）,Esophageal cancer,
E047,全球,唇及口腔癌,1157236,,2024,全龄，两性合计,5年患病人数（不是活动性癌症现患）,https://gco.iarc.who.int/media/globocan/factsheets/populations/900-world-fact-sheet.pdf,GLOBOCAN2024；不得与全部癌症行叠加；不代表仍需治疗 本轮核对官方PDF第2页；5年患病人数不是年度新发，不进入当前时点疾病计数模型。,肿瘤,模型估计,,2024,verified,2026-10-05,True,False,,,,IARC · GLOBOCAN 2024（2026年7月版）,,
E048,全球,肾癌,1402025,,2024,全龄，两性合计,5年患病人数（不是活动性癌症现患）,https://gco.iarc.who.int/media/globocan/factsheets/populations/900-world-fact-sheet.pdf,GLOBOCAN2024；不得与全部癌症行叠加；不代表仍需治疗 本轮核对官方PDF第2页；5年患病人数不是年度新发，不进入当前时点疾病计数模型。,肿瘤,模型估计,,2024,verified,2026-10-05,True,False,471,,,IARC · GLOBOCAN 2024（2026年7月版）,Kidney cancer,
E049,全球,子宫体癌,1469143,,2024,女性，全龄（原始癌症登记口径）,5年患病人数（不是活动性癌症现患）,https://gco.iarc.who.int/media/globocan/factsheets/populations/900-world-fact-sheet.pdf,GLOBOCAN2024；不得与全部癌症行叠加；不代表仍需治疗 本轮核对官方PDF第2页；5年患病人数不是年度新发，不进入当前时点疾病计数模型。,肿瘤,模型估计,,2024,verified,2026-10-05,True,False,435,,,IARC · GLOBOCAN 2024（2026年7月版）,Uterine cancer,
E050,全球,黑色素瘤,1309107,,2024,全龄，两性合计,5年患病人数（不是活动性癌症现患）,https://gco.iarc.who.int/media/globocan/factsheets/populations/900-world-fact-sheet.pdf,GLOBOCAN2024；不得与全部癌症行叠加；不代表仍需治疗 本轮核对官方PDF第2页；5年患病人数不是年度新发，不进入当前时点疾病计数模型。,肿瘤,模型估计,,2024,verified,2026-10-05,True,False,459,,,IARC · GLOBOCAN 2024（2026年7月版）,Malignant skin melanoma,
E051,全球,卵巢癌,902175,,2024,女性，全龄（原始癌症登记口径）,5年患病人数（不是活动性癌症现患）,https://gco.iarc.who.int/media/globocan/factsheets/populations/900-world-fact-sheet.pdf,GLOBOCAN2024；不得与全部癌症行叠加；不代表仍需治疗 本轮核对官方PDF第2页；5年患病人数不是年度新发，不进入当前时点疾病计数模型。,肿瘤,模型估计,,2024,verified,2026-10-05,True,False,465,,,IARC · GLOBOCAN 2024（2026年7月版）,Ovarian cancer,
E052,全球,脑及中枢神经系统肿瘤,1178288,,2024,全龄，两性合计,5年患病人数（不是活动性癌症现患）,https://gco.iarc.who.int/media/globocan/factsheets/populations/900-world-fact-sheet.pdf,GLOBOCAN2024；不得与全部癌症行叠加；不代表仍需治疗 本轮核对官方PDF第2页；5年患病人数不是年度新发，不进入当前时点疾病计数模型。,肿瘤,模型估计,,2024,verified,2026-10-05,True,False,477,,,IARC · GLOBOCAN 2024（2026年7月版）,Brain and central nervous system cancer,
E053,全球,多发性骨髓瘤,554606,,2024,全龄，两性合计,5年患病人数（不是活动性癌症现患）,https://gco.iarc.who.int/media/globocan/factsheets/populations/900-world-fact-sheet.pdf,GLOBOCAN2024；不得与全部癌症行叠加；不代表仍需治疗 本轮核对官方PDF第2页；5年患病人数不是年度新发，不进入当前时点疾病计数模型。,肿瘤,模型估计,,2024,verified,2026-10-05,True,False,486,,,IARC · GLOBOCAN 2024（2026年7月版）,Multiple myeloma,
E054,全球,喉癌,549366,,2024,全龄，两性合计,5年患病人数（不是活动性癌症现患）,https://gco.iarc.who.int/media/globocan/factsheets/populations/900-world-fact-sheet.pdf,GLOBOCAN2024；不得与全部癌症行叠加；不代表仍需治疗 本轮核对官方PDF第2页；5年患病人数不是年度新发，不进入当前时点疾病计数模型。,肿瘤,模型估计,,2024,verified,2026-10-05,True,False,423,,,IARC · GLOBOCAN 2024（2026年7月版）,Larynx cancer,
E055,全球,胆囊癌,175967,,2024,全龄，两性合计,5年患病人数（不是活动性癌症现患）,https://gco.iarc.who.int/media/globocan/factsheets/populations/900-world-fact-sheet.pdf,GLOBOCAN2024；不得与全部癌症行叠加；不代表仍需治疗 本轮核对官方PDF第2页；5年患病人数不是年度新发，不进入当前时点疾病计数模型。,肿瘤,模型估计,,2024,verified,2026-10-05,True,False,453,,,IARC · GLOBOCAN 2024（2026年7月版）,Gallbladder and biliary tract cancer,
E056,全球,鼻咽癌,356884,,2024,全龄，两性合计,5年患病人数（不是活动性癌症现患）,https://gco.iarc.who.int/media/globocan/factsheets/populations/900-world-fact-sheet.pdf,GLOBOCAN2024；不得与全部癌症行叠加；不代表仍需治疗 本轮核对官方PDF第2页；5年患病人数不是年度新发，不进入当前时点疾病计数模型。,肿瘤,模型估计,,2024,verified,2026-10-05,True,False,447,,,IARC · GLOBOCAN 2024（2026年7月版）,Nasopharynx cancer,
E057,全球,口咽癌,313650,,2024,全龄，两性合计,5年患病人数（不是活动性癌症现患）,https://gco.iarc.who.int/media/globocan/factsheets/populations/900-world-fact-sheet.pdf,GLOBOCAN2024；不得与全部癌症行叠加；不代表仍需治疗 本轮核对官方PDF第2页；5年患病人数不是年度新发，不进入当前时点疾病计数模型。,肿瘤,模型估计,,2024,verified,2026-10-05,True,False,,,,IARC · GLOBOCAN 2024（2026年7月版）,,
E058,全球,下咽癌,156174,,2024,全龄，两性合计,5年患病人数（不是活动性癌症现患）,https://gco.iarc.who.int/media/globocan/factsheets/populations/900-world-fact-sheet.pdf,GLOBOCAN2024；不得与全部癌症行叠加；不代表仍需治疗 本轮核对官方PDF第2页；5年患病人数不是年度新发，不进入当前时点疾病计数模型。,肿瘤,模型估计,,2024,verified,2026-10-05,True,False,,,,IARC · GLOBOCAN 2024（2026年7月版）,,
E059,全球,霍奇金淋巴瘤,295417,,2024,全龄，两性合计,5年患病人数（不是活动性癌症现患）,https://gco.iarc.who.int/media/globocan/factsheets/populations/900-world-fact-sheet.pdf,GLOBOCAN2024；不得与全部癌症行叠加；不代表仍需治疗 本轮核对官方PDF第2页；5年患病人数不是年度新发，不进入当前时点疾病计数模型。,肿瘤,模型估计,,2024,verified,2026-10-05,True,False,484,,,IARC · GLOBOCAN 2024（2026年7月版）,Hodgkin lymphoma,
E060,全球,唾液腺癌,168818,,2024,全龄，两性合计,5年患病人数（不是活动性癌症现患）,https://gco.iarc.who.int/media/globocan/factsheets/populations/900-world-fact-sheet.pdf,GLOBOCAN2024；不得与全部癌症行叠加；不代表仍需治疗 本轮核对官方PDF第2页；5年患病人数不是年度新发，不进入当前时点疾病计数模型。,肿瘤,模型估计,,2024,verified,2026-10-05,True,False,,,,IARC · GLOBOCAN 2024（2026年7月版）,,
E061,全球,外阴癌,141121,,2024,女性，全龄（原始癌症登记口径）,5年患病人数（不是活动性癌症现患）,https://gco.iarc.who.int/media/globocan/factsheets/populations/900-world-fact-sheet.pdf,GLOBOCAN2024；不得与全部癌症行叠加；不代表仍需治疗 本轮核对官方PDF第2页；5年患病人数不是年度新发，不进入当前时点疾病计数模型。,肿瘤,模型估计,,2024,verified,2026-10-05,True,False,,,,IARC · GLOBOCAN 2024（2026年7月版）,,
E062,全球,阴茎癌,99471,,2024,男性，全龄,5年患病人数（不是活动性癌症现患）,https://gco.iarc.who.int/media/globocan/factsheets/populations/900-world-fact-sheet.pdf,GLOBOCAN2024；不得与全部癌症行叠加；不代表仍需治疗 本轮核对官方PDF第2页；5年患病人数不是年度新发，不进入当前时点疾病计数模型。,肿瘤,模型估计,,2024,verified,2026-10-05,True,False,,,,IARC · GLOBOCAN 2024（2026年7月版）,,
E063,全球,间皮瘤,32713,,2024,全龄，两性合计,5年患病人数（不是活动性癌症现患）,https://gco.iarc.who.int/media/globocan/factsheets/populations/900-world-fact-sheet.pdf,GLOBOCAN2024；不得与全部癌症行叠加；不代表仍需治疗 本轮核对官方PDF第2页；5年患病人数不是年度新发，不进入当前时点疾病计数模型。,肿瘤,模型估计,,2024,verified,2026-10-05,True,False,483,,,IARC · GLOBOCAN 2024（2026年7月版）,Mesothelioma,
E064,中国,全部癌症（5年存活病例）,11799186,,2024,全龄，两性合计,5年患病人数（不是活动性癌症现患）,https://gco.iarc.who.int/media/globocan/factsheets/populations/156-china-fact-sheet.pdf,GLOBOCAN2024，2026年7月发布；含NMSC；非当前活动性癌症，模拟不计 本轮核对官方PDF第2页；5年患病人数不是年度新发，不进入当前时点疾病计数模型。,肿瘤,模型估计,,2024,verified,2026-10-05,True,True,,,,IARC · GLOBOCAN 2024（2026年7月版）,,cancer2024
E065,中国,肺癌,1605735,,2024,全龄，两性合计,5年患病人数（不是活动性癌症现患）,https://gco.iarc.who.int/media/globocan/factsheets/populations/156-china-fact-sheet.pdf,GLOBOCAN2024；不得与全部癌症行叠加；不代表仍需治疗 本轮核对官方PDF第2页；5年患病人数不是年度新发，不进入当前时点疾病计数模型。,肿瘤,模型估计,,2024,verified,2026-10-05,True,False,426,,,IARC · GLOBOCAN 2024（2026年7月版）,"Tracheal, bronchus, and lung cancer",
E066,中国,乳腺癌,1171328,,2024,女性，全龄（原始癌症登记口径）,5年患病人数（不是活动性癌症现患）,https://gco.iarc.who.int/media/globocan/factsheets/populations/156-china-fact-sheet.pdf,GLOBOCAN2024；不得与全部癌症行叠加；不代表仍需治疗 本轮核对官方PDF第2页；5年患病人数不是年度新发，不进入当前时点疾病计数模型。,肿瘤,模型估计,,2024,verified,2026-10-05,True,False,429,,,IARC · GLOBOCAN 2024（2026年7月版）,Breast cancer,
E067,中国,结直肠癌,1567242,,2024,全龄，两性合计,5年患病人数（不是活动性癌症现患）,https://gco.iarc.who.int/media/globocan/factsheets/populations/156-china-fact-sheet.pdf,GLOBOCAN2024；不得与全部癌症行叠加；不代表仍需治疗 本轮核对官方PDF第2页；5年患病人数不是年度新发，不进入当前时点疾病计数模型。,肿瘤,模型估计,,2024,verified,2026-10-05,True,False,441,,,IARC · GLOBOCAN 2024（2026年7月版）,Colon and rectum cancer,
E068,中国,前列腺癌,381988,,2024,男性，全龄,5年患病人数（不是活动性癌症现患）,https://gco.iarc.who.int/media/globocan/factsheets/populations/156-china-fact-sheet.pdf,GLOBOCAN2024；不得与全部癌症行叠加；不代表仍需治疗 本轮核对官方PDF第2页；5年患病人数不是年度新发，不进入当前时点疾病计数模型。,肿瘤,模型估计,,2024,verified,2026-10-05,True,False,438,,,IARC · GLOBOCAN 2024（2026年7月版）,Prostate cancer,
E069,中国,胃癌,509302,,2024,全龄，两性合计,5年患病人数（不是活动性癌症现患）,https://gco.iarc.who.int/media/globocan/factsheets/populations/156-china-fact-sheet.pdf,GLOBOCAN2024；不得与全部癌症行叠加；不代表仍需治疗 本轮核对官方PDF第2页；5年患病人数不是年度新发，不进入当前时点疾病计数模型。,肿瘤,模型估计,,2024,verified,2026-10-05,True,False,414,,,IARC · GLOBOCAN 2024（2026年7月版）,Stomach cancer,
E070,中国,甲状腺癌,2009321,,2024,全龄，两性合计,5年患病人数（不是活动性癌症现患）,https://gco.iarc.who.int/media/globocan/factsheets/populations/156-china-fact-sheet.pdf,GLOBOCAN2024；不得与全部癌症行叠加；不代表仍需治疗 本轮核对官方PDF第2页；5年患病人数不是年度新发，不进入当前时点疾病计数模型。,肿瘤,模型估计,,2024,verified,2026-10-05,True,False,480,,,IARC · GLOBOCAN 2024（2026年7月版）,Thyroid cancer,
E071,中国,肝癌,458040,,2024,全龄，两性合计,5年患病人数（不是活动性癌症现患）,https://gco.iarc.who.int/media/globocan/factsheets/populations/156-china-fact-sheet.pdf,GLOBOCAN2024；不得与全部癌症行叠加；不代表仍需治疗 本轮核对官方PDF第2页；5年患病人数不是年度新发，不进入当前时点疾病计数模型。,肿瘤,模型估计,,2024,verified,2026-10-05,True,False,417,,,IARC · GLOBOCAN 2024（2026年7月版）,Liver cancer,
E072,中国,膀胱癌,295728,,2024,全龄，两性合计,5年患病人数（不是活动性癌症现患）,https://gco.iarc.who.int/media/globocan/factsheets/populations/156-china-fact-sheet.pdf,GLOBOCAN2024；不得与全部癌症行叠加；不代表仍需治疗 本轮核对官方PDF第2页；5年患病人数不是年度新发，不进入当前时点疾病计数模型。,肿瘤,模型估计,,2024,verified,2026-10-05,True,False,474,,,IARC · GLOBOCAN 2024（2026年7月版）,Bladder cancer,
E073,中国,宫颈癌,514218,,2024,女性，全龄（原始癌症登记口径）,5年患病人数（不是活动性癌症现患）,https://gco.iarc.who.int/media/globocan/factsheets/populations/156-china-fact-sheet.pdf,GLOBOCAN2024；不得与全部癌症行叠加；不代表仍需治疗 本轮核对官方PDF第2页；5年患病人数不是年度新发，不进入当前时点疾病计数模型。,肿瘤,模型估计,,2024,verified,2026-10-05,True,False,432,,,IARC · GLOBOCAN 2024（2026年7月版）,Cervical cancer,
E074,中国,非霍奇金淋巴瘤,260233,,2024,全龄，两性合计,5年患病人数（不是活动性癌症现患）,https://gco.iarc.who.int/media/globocan/factsheets/populations/156-china-fact-sheet.pdf,GLOBOCAN2024；不得与全部癌症行叠加；不代表仍需治疗 本轮核对官方PDF第2页；5年患病人数不是年度新发，不进入当前时点疾病计数模型。,肿瘤,模型估计,,2024,verified,2026-10-05,True,False,485,,,IARC · GLOBOCAN 2024（2026年7月版）,Non-Hodgkin lymphoma,
E075,中国,胰腺癌,119897,,2024,全龄，两性合计,5年患病人数（不是活动性癌症现患）,https://gco.iarc.who.int/media/globocan/factsheets/populations/156-china-fact-sheet.pdf,GLOBOCAN2024；不得与全部癌症行叠加；不代表仍需治疗 本轮核对官方PDF第2页；5年患病人数不是年度新发，不进入当前时点疾病计数模型。,肿瘤,模型估计,,2024,verified,2026-10-05,True,False,456,,,IARC · GLOBOCAN 2024（2026年7月版）,Pancreatic cancer,
E076,中国,白血病,260741,,2024,全龄，两性合计,5年患病人数（不是活动性癌症现患）,https://gco.iarc.who.int/media/globocan/factsheets/populations/156-china-fact-sheet.pdf,GLOBOCAN2024；不得与全部癌症行叠加；不代表仍需治疗 本轮核对官方PDF第2页；5年患病人数不是年度新发，不进入当前时点疾病计数模型。,肿瘤,模型估计,,2024,verified,2026-10-05,True,False,487,,,IARC · GLOBOCAN 2024（2026年7月版）,Leukemia,
E077,中国,食管癌,275724,,2024,全龄，两性合计,5年患病人数（不是活动性癌症现患）,https://gco.iarc.who.int/media/globocan/factsheets/populations/156-china-fact-sheet.pdf,GLOBOCAN2024；不得与全部癌症行叠加；不代表仍需治疗 本轮核对官方PDF第2页；5年患病人数不是年度新发，不进入当前时点疾病计数模型。,肿瘤,模型估计,,2024,verified,2026-10-05,True,False,411,,,IARC · GLOBOCAN 2024（2026年7月版）,Esophageal cancer,
E078,中国,唇及口腔癌,110143,,2024,全龄，两性合计,5年患病人数（不是活动性癌症现患）,https://gco.iarc.who.int/media/globocan/factsheets/populations/156-china-fact-sheet.pdf,GLOBOCAN2024；不得与全部癌症行叠加；不代表仍需治疗 本轮核对官方PDF第2页；5年患病人数不是年度新发，不进入当前时点疾病计数模型。,肿瘤,模型估计,,2024,verified,2026-10-05,True,False,,,,IARC · GLOBOCAN 2024（2026年7月版）,,
E079,中国,肾癌,236133,,2024,全龄，两性合计,5年患病人数（不是活动性癌症现患）,https://gco.iarc.who.int/media/globocan/factsheets/populations/156-china-fact-sheet.pdf,GLOBOCAN2024；不得与全部癌症行叠加；不代表仍需治疗 本轮核对官方PDF第2页；5年患病人数不是年度新发，不进入当前时点疾病计数模型。,肿瘤,模型估计,,2024,verified,2026-10-05,True,False,471,,,IARC · GLOBOCAN 2024（2026年7月版）,Kidney cancer,
E080,中国,子宫体癌,233670,,2024,女性，全龄（原始癌症登记口径）,5年患病人数（不是活动性癌症现患）,https://gco.iarc.who.int/media/globocan/factsheets/populations/156-china-fact-sheet.pdf,GLOBOCAN2024；不得与全部癌症行叠加；不代表仍需治疗 本轮核对官方PDF第2页；5年患病人数不是年度新发，不进入当前时点疾病计数模型。,肿瘤,模型估计,,2024,verified,2026-10-05,True,False,435,,,IARC · GLOBOCAN 2024（2026年7月版）,Uterine cancer,
E081,中国,黑色素瘤,29848,,2024,全龄，两性合计,5年患病人数（不是活动性癌症现患）,https://gco.iarc.who.int/media/globocan/factsheets/populations/156-china-fact-sheet.pdf,GLOBOCAN2024；不得与全部癌症行叠加；不代表仍需治疗 本轮核对官方PDF第2页；5年患病人数不是年度新发，不进入当前时点疾病计数模型。,肿瘤,模型估计,,2024,verified,2026-10-05,True,False,459,,,IARC · GLOBOCAN 2024（2026年7月版）,Malignant skin melanoma,
E082,中国,卵巢癌,175448,,2024,女性，全龄（原始癌症登记口径）,5年患病人数（不是活动性癌症现患）,https://gco.iarc.who.int/media/globocan/factsheets/populations/156-china-fact-sheet.pdf,GLOBOCAN2024；不得与全部癌症行叠加；不代表仍需治疗 本轮核对官方PDF第2页；5年患病人数不是年度新发，不进入当前时点疾病计数模型。,肿瘤,模型估计,,2024,verified,2026-10-05,True,False,465,,,IARC · GLOBOCAN 2024（2026年7月版）,Ovarian cancer,
E083,中国,脑及中枢神经系统肿瘤,340959,,2024,全龄，两性合计,5年患病人数（不是活动性癌症现患）,https://gco.iarc.who.int/media/globocan/factsheets/populations/156-china-fact-sheet.pdf,GLOBOCAN2024；不得与全部癌症行叠加；不代表仍需治疗 本轮核对官方PDF第2页；5年患病人数不是年度新发，不进入当前时点疾病计数模型。,肿瘤,模型估计,,2024,verified,2026-10-05,True,False,477,,,IARC · GLOBOCAN 2024（2026年7月版）,Brain and central nervous system cancer,
E084,中国,多发性骨髓瘤,95090,,2024,全龄，两性合计,5年患病人数（不是活动性癌症现患）,https://gco.iarc.who.int/media/globocan/factsheets/populations/156-china-fact-sheet.pdf,GLOBOCAN2024；不得与全部癌症行叠加；不代表仍需治疗 本轮核对官方PDF第2页；5年患病人数不是年度新发，不进入当前时点疾病计数模型。,肿瘤,模型估计,,2024,verified,2026-10-05,True,False,486,,,IARC · GLOBOCAN 2024（2026年7月版）,Multiple myeloma,
E085,中国,喉癌,86551,,2024,全龄，两性合计,5年患病人数（不是活动性癌症现患）,https://gco.iarc.who.int/media/globocan/factsheets/populations/156-china-fact-sheet.pdf,GLOBOCAN2024；不得与全部癌症行叠加；不代表仍需治疗 本轮核对官方PDF第2页；5年患病人数不是年度新发，不进入当前时点疾病计数模型。,肿瘤,模型估计,,2024,verified,2026-10-05,True,False,423,,,IARC · GLOBOCAN 2024（2026年7月版）,Larynx cancer,
E086,中国,胆囊癌,45403,,2024,全龄，两性合计,5年患病人数（不是活动性癌症现患）,https://gco.iarc.who.int/media/globocan/factsheets/populations/156-china-fact-sheet.pdf,GLOBOCAN2024；不得与全部癌症行叠加；不代表仍需治疗 本轮核对官方PDF第2页；5年患病人数不是年度新发，不进入当前时点疾病计数模型。,肿瘤,模型估计,,2024,verified,2026-10-05,True,False,453,,,IARC · GLOBOCAN 2024（2026年7月版）,Gallbladder and biliary tract cancer,
E087,中国,鼻咽癌,155738,,2024,全龄，两性合计,5年患病人数（不是活动性癌症现患）,https://gco.iarc.who.int/media/globocan/factsheets/populations/156-china-fact-sheet.pdf,GLOBOCAN2024；不得与全部癌症行叠加；不代表仍需治疗 本轮核对官方PDF第2页；5年患病人数不是年度新发，不进入当前时点疾病计数模型。,肿瘤,模型估计,,2024,verified,2026-10-05,True,False,447,,,IARC · GLOBOCAN 2024（2026年7月版）,Nasopharynx cancer,
E088,中国,口咽癌,24227,,2024,全龄，两性合计,5年患病人数（不是活动性癌症现患）,https://gco.iarc.who.int/media/globocan/factsheets/populations/156-china-fact-sheet.pdf,GLOBOCAN2024；不得与全部癌症行叠加；不代表仍需治疗 本轮核对官方PDF第2页；5年患病人数不是年度新发，不进入当前时点疾病计数模型。,肿瘤,模型估计,,2024,verified,2026-10-05,True,False,,,,IARC · GLOBOCAN 2024（2026年7月版）,,
E089,中国,下咽癌,18459,,2024,全龄，两性合计,5年患病人数（不是活动性癌症现患）,https://gco.iarc.who.int/media/globocan/factsheets/populations/156-china-fact-sheet.pdf,GLOBOCAN2024；不得与全部癌症行叠加；不代表仍需治疗 本轮核对官方PDF第2页；5年患病人数不是年度新发，不进入当前时点疾病计数模型。,肿瘤,模型估计,,2024,verified,2026-10-05,True,False,,,,IARC · GLOBOCAN 2024（2026年7月版）,,
E090,中国,霍奇金淋巴瘤,16801,,2024,全龄，两性合计,5年患病人数（不是活动性癌症现患）,https://gco.iarc.who.int/media/globocan/factsheets/populations/156-china-fact-sheet.pdf,GLOBOCAN2024；不得与全部癌症行叠加；不代表仍需治疗 本轮核对官方PDF第2页；5年患病人数不是年度新发，不进入当前时点疾病计数模型。,肿瘤,模型估计,,2024,verified,2026-10-05,True,False,484,,,IARC · GLOBOCAN 2024（2026年7月版）,Hodgkin lymphoma,
E091,中国,唾液腺癌,33716,,2024,全龄，两性合计,5年患病人数（不是活动性癌症现患）,https://gco.iarc.who.int/media/globocan/factsheets/populations/156-china-fact-sheet.pdf,GLOBOCAN2024；不得与全部癌症行叠加；不代表仍需治疗 本轮核对官方PDF第2页；5年患病人数不是年度新发，不进入当前时点疾病计数模型。,肿瘤,模型估计,,2024,verified,2026-10-05,True,False,,,,IARC · GLOBOCAN 2024（2026年7月版）,,
E092,中国,外阴癌,13854,,2024,女性，全龄（原始癌症登记口径）,5年患病人数（不是活动性癌症现患）,https://gco.iarc.who.int/media/globocan/factsheets/populations/156-china-fact-sheet.pdf,GLOBOCAN2024；不得与全部癌症行叠加；不代表仍需治疗 本轮核对官方PDF第2页；5年患病人数不是年度新发，不进入当前时点疾病计数模型。,肿瘤,模型估计,,2024,verified,2026-10-05,True,False,,,,IARC · GLOBOCAN 2024（2026年7月版）,,
E093,中国,阴茎癌,18788,,2024,男性，全龄,5年患病人数（不是活动性癌症现患）,https://gco.iarc.who.int/media/globocan/factsheets/populations/156-china-fact-sheet.pdf,GLOBOCAN2024；不得与全部癌症行叠加；不代表仍需治疗 本轮核对官方PDF第2页；5年患病人数不是年度新发，不进入当前时点疾病计数模型。,肿瘤,模型估计,,2024,verified,2026-10-05,True,False,,,,IARC · GLOBOCAN 2024（2026年7月版）,,
E094,中国,间皮瘤,3858,,2024,全龄，两性合计,5年患病人数（不是活动性癌症现患）,https://gco.iarc.who.int/media/globocan/factsheets/populations/156-china-fact-sheet.pdf,GLOBOCAN2024；不得与全部癌症行叠加；不代表仍需治疗 本轮核对官方PDF第2页；5年患病人数不是年度新发，不进入当前时点疾病计数模型。,肿瘤,模型估计,,2024,verified,2026-10-05,True,False,483,,,IARC · GLOBOCAN 2024（2026年7月版）,Mesothelioma,
E095,新加坡,全部癌症（5年存活病例）,61222,,2024,全龄，两性合计,5年患病人数（不是活动性癌症现患）,https://gco.iarc.who.int/media/globocan/factsheets/populations/702-singapore-fact-sheet.pdf,GLOBOCAN2024，2026年7月发布；含NMSC；非当前活动性癌症，模拟不计 本轮核对官方PDF第2页；5年患病人数不是年度新发，不进入当前时点疾病计数模型。,肿瘤,模型估计,,2024,verified,2026-10-05,True,True,,,,IARC · GLOBOCAN 2024（2026年7月版）,,cancer2024
E096,新加坡,肺癌,2579,,2024,全龄，两性合计,5年患病人数（不是活动性癌症现患）,https://gco.iarc.who.int/media/globocan/factsheets/populations/702-singapore-fact-sheet.pdf,GLOBOCAN2024；不得与全部癌症行叠加；不代表仍需治疗 本轮核对官方PDF第2页；5年患病人数不是年度新发，不进入当前时点疾病计数模型。,肿瘤,模型估计,,2024,verified,2026-10-05,True,False,426,,,IARC · GLOBOCAN 2024（2026年7月版）,"Tracheal, bronchus, and lung cancer",
E097,新加坡,乳腺癌,12599,,2024,女性，全龄（原始癌症登记口径）,5年患病人数（不是活动性癌症现患）,https://gco.iarc.who.int/media/globocan/factsheets/populations/702-singapore-fact-sheet.pdf,GLOBOCAN2024；不得与全部癌症行叠加；不代表仍需治疗 本轮核对官方PDF第2页；5年患病人数不是年度新发，不进入当前时点疾病计数模型。,肿瘤,模型估计,,2024,verified,2026-10-05,True,False,429,,,IARC · GLOBOCAN 2024（2026年7月版）,Breast cancer,
E098,新加坡,结直肠癌,9954,,2024,全龄，两性合计,5年患病人数（不是活动性癌症现患）,https://gco.iarc.who.int/media/globocan/factsheets/populations/702-singapore-fact-sheet.pdf,GLOBOCAN2024；不得与全部癌症行叠加；不代表仍需治疗 本轮核对官方PDF第2页；5年患病人数不是年度新发，不进入当前时点疾病计数模型。,肿瘤,模型估计,,2024,verified,2026-10-05,True,False,441,,,IARC · GLOBOCAN 2024（2026年7月版）,Colon and rectum cancer,
E099,新加坡,前列腺癌,7265,,2024,男性，全龄,5年患病人数（不是活动性癌症现患）,https://gco.iarc.who.int/media/globocan/factsheets/populations/702-singapore-fact-sheet.pdf,GLOBOCAN2024；不得与全部癌症行叠加；不代表仍需治疗 本轮核对官方PDF第2页；5年患病人数不是年度新发，不进入当前时点疾病计数模型。,肿瘤,模型估计,,2024,verified,2026-10-05,True,False,438,,,IARC · GLOBOCAN 2024（2026年7月版）,Prostate cancer,
E100,新加坡,胃癌,912,,2024,全龄，两性合计,5年患病人数（不是活动性癌症现患）,https://gco.iarc.who.int/media/globocan/factsheets/populations/702-singapore-fact-sheet.pdf,GLOBOCAN2024；不得与全部癌症行叠加；不代表仍需治疗 本轮核对官方PDF第2页；5年患病人数不是年度新发，不进入当前时点疾病计数模型。,肿瘤,模型估计,,2024,verified,2026-10-05,True,False,414,,,IARC · GLOBOCAN 2024（2026年7月版）,Stomach cancer,
E101,新加坡,甲状腺癌,2491,,2024,全龄，两性合计,5年患病人数（不是活动性癌症现患）,https://gco.iarc.who.int/media/globocan/factsheets/populations/702-singapore-fact-sheet.pdf,GLOBOCAN2024；不得与全部癌症行叠加；不代表仍需治疗 本轮核对官方PDF第2页；5年患病人数不是年度新发，不进入当前时点疾病计数模型。,肿瘤,模型估计,,2024,verified,2026-10-05,True,False,480,,,IARC · GLOBOCAN 2024（2026年7月版）,Thyroid cancer,
E102,新加坡,肝癌,1165,,2024,全龄，两性合计,5年患病人数（不是活动性癌症现患）,https://gco.iarc.who.int/media/globocan/factsheets/populations/702-singapore-fact-sheet.pdf,GLOBOCAN2024；不得与全部癌症行叠加；不代表仍需治疗 本轮核对官方PDF第2页；5年患病人数不是年度新发，不进入当前时点疾病计数模型。,肿瘤,模型估计,,2024,verified,2026-10-05,True,False,417,,,IARC · GLOBOCAN 2024（2026年7月版）,Liver cancer,
E103,新加坡,膀胱癌,1665,,2024,全龄，两性合计,5年患病人数（不是活动性癌症现患）,https://gco.iarc.who.int/media/globocan/factsheets/populations/702-singapore-fact-sheet.pdf,GLOBOCAN2024；不得与全部癌症行叠加；不代表仍需治疗 本轮核对官方PDF第2页；5年患病人数不是年度新发，不进入当前时点疾病计数模型。,肿瘤,模型估计,,2024,verified,2026-10-05,True,False,474,,,IARC · GLOBOCAN 2024（2026年7月版）,Bladder cancer,
E104,新加坡,宫颈癌,1407,,2024,女性，全龄（原始癌症登记口径）,5年患病人数（不是活动性癌症现患）,https://gco.iarc.who.int/media/globocan/factsheets/populations/702-singapore-fact-sheet.pdf,GLOBOCAN2024；不得与全部癌症行叠加；不代表仍需治疗 本轮核对官方PDF第2页；5年患病人数不是年度新发，不进入当前时点疾病计数模型。,肿瘤,模型估计,,2024,verified,2026-10-05,True,False,432,,,IARC · GLOBOCAN 2024（2026年7月版）,Cervical cancer,
E105,新加坡,非霍奇金淋巴瘤,2733,,2024,全龄，两性合计,5年患病人数（不是活动性癌症现患）,https://gco.iarc.who.int/media/globocan/factsheets/populations/702-singapore-fact-sheet.pdf,GLOBOCAN2024；不得与全部癌症行叠加；不代表仍需治疗 本轮核对官方PDF第2页；5年患病人数不是年度新发，不进入当前时点疾病计数模型。,肿瘤,模型估计,,2024,verified,2026-10-05,True,False,485,,,IARC · GLOBOCAN 2024（2026年7月版）,Non-Hodgkin lymphoma,
E106,新加坡,胰腺癌,651,,2024,全龄，两性合计,5年患病人数（不是活动性癌症现患）,https://gco.iarc.who.int/media/globocan/factsheets/populations/702-singapore-fact-sheet.pdf,GLOBOCAN2024；不得与全部癌症行叠加；不代表仍需治疗 本轮核对官方PDF第2页；5年患病人数不是年度新发，不进入当前时点疾病计数模型。,肿瘤,模型估计,,2024,verified,2026-10-05,True,False,456,,,IARC · GLOBOCAN 2024（2026年7月版）,Pancreatic cancer,
E107,新加坡,白血病,1305,,2024,全龄，两性合计,5年患病人数（不是活动性癌症现患）,https://gco.iarc.who.int/media/globocan/factsheets/populations/702-singapore-fact-sheet.pdf,GLOBOCAN2024；不得与全部癌症行叠加；不代表仍需治疗 本轮核对官方PDF第2页；5年患病人数不是年度新发，不进入当前时点疾病计数模型。,肿瘤,模型估计,,2024,verified,2026-10-05,True,False,487,,,IARC · GLOBOCAN 2024（2026年7月版）,Leukemia,
E108,新加坡,食管癌,244,,2024,全龄，两性合计,5年患病人数（不是活动性癌症现患）,https://gco.iarc.who.int/media/globocan/factsheets/populations/702-singapore-fact-sheet.pdf,GLOBOCAN2024；不得与全部癌症行叠加；不代表仍需治疗 本轮核对官方PDF第2页；5年患病人数不是年度新发，不进入当前时点疾病计数模型。,肿瘤,模型估计,,2024,verified,2026-10-05,True,False,411,,,IARC · GLOBOCAN 2024（2026年7月版）,Esophageal cancer,
E109,新加坡,唇及口腔癌,597,,2024,全龄，两性合计,5年患病人数（不是活动性癌症现患）,https://gco.iarc.who.int/media/globocan/factsheets/populations/702-singapore-fact-sheet.pdf,GLOBOCAN2024；不得与全部癌症行叠加；不代表仍需治疗 本轮核对官方PDF第2页；5年患病人数不是年度新发，不进入当前时点疾病计数模型。,肿瘤,模型估计,,2024,verified,2026-10-05,True,False,,,,IARC · GLOBOCAN 2024（2026年7月版）,,
E110,新加坡,肾癌,1458,,2024,全龄，两性合计,5年患病人数（不是活动性癌症现患）,https://gco.iarc.who.int/media/globocan/factsheets/populations/702-singapore-fact-sheet.pdf,GLOBOCAN2024；不得与全部癌症行叠加；不代表仍需治疗 本轮核对官方PDF第2页；5年患病人数不是年度新发，不进入当前时点疾病计数模型。,肿瘤,模型估计,,2024,verified,2026-10-05,True,False,471,,,IARC · GLOBOCAN 2024（2026年7月版）,Kidney cancer,
E111,新加坡,子宫体癌,3475,,2024,女性，全龄（原始癌症登记口径）,5年患病人数（不是活动性癌症现患）,https://gco.iarc.who.int/media/globocan/factsheets/populations/702-singapore-fact-sheet.pdf,GLOBOCAN2024；不得与全部癌症行叠加；不代表仍需治疗 本轮核对官方PDF第2页；5年患病人数不是年度新发，不进入当前时点疾病计数模型。,肿瘤,模型估计,,2024,verified,2026-10-05,True,False,435,,,IARC · GLOBOCAN 2024（2026年7月版）,Uterine cancer,
E112,新加坡,黑色素瘤,389,,2024,全龄，两性合计,5年患病人数（不是活动性癌症现患）,https://gco.iarc.who.int/media/globocan/factsheets/populations/702-singapore-fact-sheet.pdf,GLOBOCAN2024；不得与全部癌症行叠加；不代表仍需治疗 本轮核对官方PDF第2页；5年患病人数不是年度新发，不进入当前时点疾病计数模型。,肿瘤,模型估计,,2024,verified,2026-10-05,True,False,459,,,IARC · GLOBOCAN 2024（2026年7月版）,Malignant skin melanoma,
E113,新加坡,卵巢癌,1343,,2024,女性，全龄（原始癌症登记口径）,5年患病人数（不是活动性癌症现患）,https://gco.iarc.who.int/media/globocan/factsheets/populations/702-singapore-fact-sheet.pdf,GLOBOCAN2024；不得与全部癌症行叠加；不代表仍需治疗 本轮核对官方PDF第2页；5年患病人数不是年度新发，不进入当前时点疾病计数模型。,肿瘤,模型估计,,2024,verified,2026-10-05,True,False,465,,,IARC · GLOBOCAN 2024（2026年7月版）,Ovarian cancer,
E114,新加坡,脑及中枢神经系统肿瘤,1140,,2024,全龄，两性合计,5年患病人数（不是活动性癌症现患）,https://gco.iarc.who.int/media/globocan/factsheets/populations/702-singapore-fact-sheet.pdf,GLOBOCAN2024；不得与全部癌症行叠加；不代表仍需治疗 本轮核对官方PDF第2页；5年患病人数不是年度新发，不进入当前时点疾病计数模型。,肿瘤,模型估计,,2024,verified,2026-10-05,True,False,477,,,IARC · GLOBOCAN 2024（2026年7月版）,Brain and central nervous system cancer,
E115,新加坡,多发性骨髓瘤,550,,2024,全龄，两性合计,5年患病人数（不是活动性癌症现患）,https://gco.iarc.who.int/media/globocan/factsheets/populations/702-singapore-fact-sheet.pdf,GLOBOCAN2024；不得与全部癌症行叠加；不代表仍需治疗 本轮核对官方PDF第2页；5年患病人数不是年度新发，不进入当前时点疾病计数模型。,肿瘤,模型估计,,2024,verified,2026-10-05,True,False,486,,,IARC · GLOBOCAN 2024（2026年7月版）,Multiple myeloma,
E116,新加坡,喉癌,345,,2024,全龄，两性合计,5年患病人数（不是活动性癌症现患）,https://gco.iarc.who.int/media/globocan/factsheets/populations/702-singapore-fact-sheet.pdf,GLOBOCAN2024；不得与全部癌症行叠加；不代表仍需治疗 本轮核对官方PDF第2页；5年患病人数不是年度新发，不进入当前时点疾病计数模型。,肿瘤,模型估计,,2024,verified,2026-10-05,True,False,423,,,IARC · GLOBOCAN 2024（2026年7月版）,Larynx cancer,
E117,新加坡,胆囊癌,139,,2024,全龄，两性合计,5年患病人数（不是活动性癌症现患）,https://gco.iarc.who.int/media/globocan/factsheets/populations/702-singapore-fact-sheet.pdf,GLOBOCAN2024；不得与全部癌症行叠加；不代表仍需治疗 本轮核对官方PDF第2页；5年患病人数不是年度新发，不进入当前时点疾病计数模型。,肿瘤,模型估计,,2024,verified,2026-10-05,True,False,453,,,IARC · GLOBOCAN 2024（2026年7月版）,Gallbladder and biliary tract cancer,
E118,新加坡,鼻咽癌,1157,,2024,全龄，两性合计,5年患病人数（不是活动性癌症现患）,https://gco.iarc.who.int/media/globocan/factsheets/populations/702-singapore-fact-sheet.pdf,GLOBOCAN2024；不得与全部癌症行叠加；不代表仍需治疗 本轮核对官方PDF第2页；5年患病人数不是年度新发，不进入当前时点疾病计数模型。,肿瘤,模型估计,,2024,verified,2026-10-05,True,False,447,,,IARC · GLOBOCAN 2024（2026年7月版）,Nasopharynx cancer,
E119,新加坡,口咽癌,179,,2024,全龄，两性合计,5年患病人数（不是活动性癌症现患）,https://gco.iarc.who.int/media/globocan/factsheets/populations/702-singapore-fact-sheet.pdf,GLOBOCAN2024；不得与全部癌症行叠加；不代表仍需治疗 本轮核对官方PDF第2页；5年患病人数不是年度新发，不进入当前时点疾病计数模型。,肿瘤,模型估计,,2024,verified,2026-10-05,True,False,,,,IARC · GLOBOCAN 2024（2026年7月版）,,
E120,新加坡,下咽癌,100,,2024,全龄，两性合计,5年患病人数（不是活动性癌症现患）,https://gco.iarc.who.int/media/globocan/factsheets/populations/702-singapore-fact-sheet.pdf,GLOBOCAN2024；不得与全部癌症行叠加；不代表仍需治疗 本轮核对官方PDF第2页；5年患病人数不是年度新发，不进入当前时点疾病计数模型。,肿瘤,模型估计,,2024,verified,2026-10-05,True,False,,,,IARC · GLOBOCAN 2024（2026年7月版）,,
E121,新加坡,霍奇金淋巴瘤,42,,2024,全龄，两性合计,5年患病人数（不是活动性癌症现患）,https://gco.iarc.who.int/media/globocan/factsheets/populations/702-singapore-fact-sheet.pdf,GLOBOCAN2024；不得与全部癌症行叠加；不代表仍需治疗 本轮核对官方PDF第2页；5年患病人数不是年度新发，不进入当前时点疾病计数模型。,肿瘤,模型估计,,2024,verified,2026-10-05,True,False,484,,,IARC · GLOBOCAN 2024（2026年7月版）,Hodgkin lymphoma,
E122,新加坡,唾液腺癌,328,,2024,全龄，两性合计,5年患病人数（不是活动性癌症现患）,https://gco.iarc.who.int/media/globocan/factsheets/populations/702-singapore-fact-sheet.pdf,GLOBOCAN2024；不得与全部癌症行叠加；不代表仍需治疗 本轮核对官方PDF第2页；5年患病人数不是年度新发，不进入当前时点疾病计数模型。,肿瘤,模型估计,,2024,verified,2026-10-05,True,False,,,,IARC · GLOBOCAN 2024（2026年7月版）,,
E123,新加坡,外阴癌,137,,2024,女性，全龄（原始癌症登记口径）,5年患病人数（不是活动性癌症现患）,https://gco.iarc.who.int/media/globocan/factsheets/populations/702-singapore-fact-sheet.pdf,GLOBOCAN2024；不得与全部癌症行叠加；不代表仍需治疗 本轮核对官方PDF第2页；5年患病人数不是年度新发，不进入当前时点疾病计数模型。,肿瘤,模型估计,,2024,verified,2026-10-05,True,False,,,,IARC · GLOBOCAN 2024（2026年7月版）,,
E124,新加坡,阴茎癌,103,,2024,男性，全龄,5年患病人数（不是活动性癌症现患）,https://gco.iarc.who.int/media/globocan/factsheets/populations/702-singapore-fact-sheet.pdf,GLOBOCAN2024；不得与全部癌症行叠加；不代表仍需治疗 本轮核对官方PDF第2页；5年患病人数不是年度新发，不进入当前时点疾病计数模型。,肿瘤,模型估计,,2024,verified,2026-10-05,True,False,,,,IARC · GLOBOCAN 2024（2026年7月版）,,
E125,新加坡,间皮瘤,43,,2024,全龄，两性合计,5年患病人数（不是活动性癌症现患）,https://gco.iarc.who.int/media/globocan/factsheets/populations/702-singapore-fact-sheet.pdf,GLOBOCAN2024；不得与全部癌症行叠加；不代表仍需治疗 本轮核对官方PDF第2页；5年患病人数不是年度新发，不进入当前时点疾病计数模型。,肿瘤,模型估计,,2024,verified,2026-10-05,True,False,483,,,IARC · GLOBOCAN 2024（2026年7月版）,Mesothelioma,
E126,中国,血脂异常,,0.382,2018,≥18岁；全国抽样加权,现患人数/患病率,https://weekly.chinacdc.cn/en/article/doi/10.46234/ccdcw2023.007,实验室及/或既往诊断；含高TG、低HDL等；固定12项原研究面板，不代表穷尽全部疾病,全国慢病调查,加权调查,cn_lipids,2018,verified,2026-10-05,True,False,,,,原始研究 / 机构报告,,
E127,中国,高血压,,0.281,2018,≥18岁；全国抽样加权,现患人数/患病率,https://weekly.chinacdc.cn/en/article/doi/10.46234/ccdcw2023.007,测量≥140/90或诊断且近期服药；固定12项原研究面板，不代表穷尽全部疾病,全国慢病调查,加权调查,cn_hypertension,2018,verified,2026-10-05,True,False,,,,原始研究 / 机构报告,,
E128,中国,颈椎/腰椎疾病,,0.245,2018,≥18岁；全国抽样加权,现患人数/患病率,https://weekly.chinacdc.cn/en/article/doi/10.46234/ccdcw2023.007,自报医生诊断：颈椎病、腰肌劳损、椎间盘突出等；固定12项原研究面板，不代表穷尽全部疾病,全国慢病调查,加权调查,cn_spine,2018,verified,2026-10-05,True,False,,,,原始研究 / 机构报告,,
E129,中国,糖尿病,,0.119,2018,≥18岁；全国抽样加权,现患人数/患病率,https://weekly.chinacdc.cn/en/article/doi/10.46234/ccdcw2023.007,空腹血糖/OGTT及或诊断；非HbA1c全判据；固定12项原研究面板，不代表穷尽全部疾病,全国慢病调查,加权调查,cn_diabetes,2018,verified,2026-10-05,True,False,587,,,原始研究 / 机构报告,Diabetes mellitus,
E130,中国,慢性肾脏病指标,,0.085,2018,≥18岁；全国抽样加权,现患人数/患病率,https://weekly.chinacdc.cn/en/article/doi/10.46234/ccdcw2023.007,eGFR或白蛋白尿，单次检测不能保证持续≥3个月；固定12项原研究面板，不代表穷尽全部疾病,全国慢病调查,加权调查,cn_ckd,2018,verified,2026-10-05,True,False,589,,,原始研究 / 机构报告,Chronic kidney disease,
E131,中国,肥胖,,0.165,2018,≥18岁；全国抽样加权,现患人数/患病率,https://weekly.chinacdc.cn/en/article/doi/10.46234/ccdcw2023.007,BMI≥28；与新加坡BMI≥30定义不同；固定12项原研究面板，不代表穷尽全部疾病,全国慢病调查,加权调查,cn_obesity,2018,verified,2026-10-05,True,False,,,,原始研究 / 机构报告,,
E132,中国,消化系统疾病,,0.149,2018,≥18岁；全国抽样加权,现患人数/患病率,https://weekly.chinacdc.cn/en/article/doi/10.46234/ccdcw2023.007,自报诊断的研究定义大类；不能另叠加其子类；固定12项原研究面板，不代表穷尽全部疾病,全国慢病调查,加权调查,cn_digestive,2018,verified,2026-10-05,True,True,,,,原始研究 / 机构报告,,
E133,中国,肌肉骨骼疾病,,0.13,2018,≥18岁；全国抽样加权,现患人数/患病率,https://weekly.chinacdc.cn/en/article/doi/10.46234/ccdcw2023.007,自报诊断的大类；遵循原调查分类；固定12项原研究面板，不代表穷尽全部疾病,全国慢病调查,加权调查,cn_musculoskeletal,2018,verified,2026-10-05,True,True,,,,原始研究 / 机构报告,,
E134,中国,慢阻肺,,0.037,2018,≥18岁；全国抽样加权,现患人数/患病率,https://weekly.chinacdc.cn/en/article/doi/10.46234/ccdcw2023.007,自报诊断；与肺功能筛查的患病率不能直接比；固定12项原研究面板，不代表穷尽全部疾病,全国慢病调查,加权调查,cn_copd,2018,verified,2026-10-05,True,False,509,,,原始研究 / 机构报告,Chronic obstructive pulmonary disease,
E135,中国,卒中,,0.029,2018,≥18岁；全国抽样加权,现患人数/患病率,https://weekly.chinacdc.cn/en/article/doi/10.46234/ccdcw2023.007,自报医生诊断；固定12项原研究面板，不代表穷尽全部疾病,全国慢病调查,加权调查,cn_stroke,2018,verified,2026-10-05,True,False,494,,,原始研究 / 机构报告,Stroke,
E136,中国,心脏病,,0.022,2018,≥18岁；全国抽样加权,现患人数/患病率,https://weekly.chinacdc.cn/en/article/doi/10.46234/ccdcw2023.007,自报MI、心绞痛、房颤、介入/搭桥等大类；固定12项原研究面板，不代表穷尽全部疾病,全国慢病调查,加权调查,cn_heart,2018,verified,2026-10-05,True,True,,,,原始研究 / 机构报告,,
E137,中国,癌症调查项,,0.017,2018,≥18岁；全国抽样加权,现患人数/患病率,https://weekly.chinacdc.cn/en/article/doi/10.46234/ccdcw2023.007,自报癌症或良性颅内肿瘤；不是活动性恶性肿瘤患病率；固定12项原研究面板，不代表穷尽全部疾病,全国慢病调查,加权调查,cn_cancer_survey,2018,verified,2026-10-05,True,True,,,,原始研究 / 机构报告,,
E138,新加坡,高血压,,0.338,2023–2024,18–74岁居民（公民+PR）,现患人数/患病率,https://isomer-user-content.by.gov.sg/3/4cad4e62-8093-48de-b0d1-af8e012d4d95/NPHS%202024%20Survey%20Report_Final.pdf,测量及服药判据；PDF表11.1，印刷页82；非包含外籍非居民的全体人口,NPHS体检,加权调查,sg_hypertension,2024,verified,2026-10-05,True,False,,,,NPHS 2024,,
E139,新加坡,糖尿病,,0.091,2023–2024,18–74岁居民（公民+PR）,现患人数/患病率,https://isomer-user-content.by.gov.sg/3/4cad4e62-8093-48de-b0d1-af8e012d4d95/NPHS%202024%20Survey%20Report_Final.pdf,测量及既往诊断；PDF表10.1，印刷页72；非包含外籍非居民的全体人口,NPHS体检,加权调查,sg_diabetes,2024,verified,2026-10-05,True,False,587,,,NPHS 2024,Diabetes mellitus,
E140,新加坡,高脂血症,,0.305,2023–2024,18–74岁居民（公民+PR）,现患人数/患病率,https://isomer-user-content.by.gov.sg/3/4cad4e62-8093-48de-b0d1-af8e012d4d95/NPHS%202024%20Survey%20Report_Final.pdf,NPHS高脂血症定义，不等同中国所有血脂异常；非包含外籍非居民的全体人口,NPHS体检,加权调查,sg_lipids,2024,verified,2026-10-05,True,False,,,,NPHS 2024,,
E141,新加坡,肾功能损害/CKD指标,,0.149,2023–2024,18–74岁居民（公民+PR）,现患人数/患病率,https://isomer-user-content.by.gov.sg/3/4cad4e62-8093-48de-b0d1-af8e012d4d95/NPHS%202024%20Survey%20Report_Final.pdf,单次血/尿检测；不能直接等同反复确认的CKD；非包含外籍非居民的全体人口,NPHS体检,加权调查,sg_ckd,2024,verified,2026-10-05,True,False,589,,,NPHS 2024,Chronic kidney disease,
E142,新加坡,肥胖,,0.127,2023–2024,18–74岁居民（公民+PR）,现患人数/患病率,https://isomer-user-content.by.gov.sg/3/4cad4e62-8093-48de-b0d1-af8e012d4d95/NPHS%202024%20Survey%20Report_Final.pdf,BMI≥30；不同于中国BMI≥28；非包含外籍非居民的全体人口,NPHS体检,加权调查,sg_obesity,2024,verified,2026-10-05,True,False,,,,NPHS 2024,,
E143,中国,糖尿病（IDF口径）,147981200,,2024,20–79岁,现患人数/患病率,https://idf.org/our-network/regions-and-members/western-pacific/members/china/,IDF第11版；使用直接公布人数，不把年龄标化率当粗率相乘,代谢,模型估计,,2024,verified,2026-10-05,True,False,587,,,IDF Diabetes Atlas 11,Diabetes mellitus,idf2024
E144,新加坡,糖尿病（IDF口径）,699100,,2024,20–79岁；IDF全国人口框架,现患人数/患病率,https://idf.org/our-network/regions-and-members/western-pacific/members/singapore/,非NPHS18–74岁居民框架；不与9.1%混算或相加,代谢,模型估计,,2024,verified,2026-10-05,True,False,587,,,IDF Diabetes Atlas 11,Diabetes mellitus,idf2024
E145,中国,慢性肾脏病（GBD）,156152747,,2023,全龄；原文中国范围,现患人数/患病率,https://www.thelancet.com/journals/lanwpc/article/PIIS2666-6065(25)00315-3/fulltext,"95% UI 146,769,027–167,882,159；非2018调查指标的直接更新",肾脏,约,,2023,pending,,True,False,589,,,原始研究 / 机构报告,Chronic kidney disease,
E146,中国,精神障碍总类（GBD）,191214000,,2023,全龄；31省级地区+香港、澳门,现患人数/患病率,https://www.thelancet.com/journals/lanwpc/article/PIIS2666-6065(26)00140-9/fulltext,2026-07-27发表；病例总类，不与精神障碍子类相加,精神,约,,2023,verified,2026-10-05,True,True,558,,,原始研究 / 机构报告,Mental disorders,
E147,中国,慢阻肺（肺功能调查）,99900000,,2015,≥20岁,现患人数/患病率,https://www.who.int/news-room/feature-stories/detail/advancing-copd-care-in-china-through-a-comprehensive-approach,China Pulmonary Health 2012–15；8.6%；不能与2018自报3.7%比较趋势,呼吸,约,,2015,pending,,True,False,,,,WHO事实表,,
E148,中国,心血管疾病汇总,330000000,,不同年份汇编（2025综述引用）,不同子病种年龄范围不一,现患人数/患病率,https://www.besjournal.com/article/doi/10.3967/bes2025.098,包含高血压；不是与GBD心血管总类一致的去重人数，不计入模拟,心血管,约,,2025,pending,,False,True,,,,原始研究 / 机构报告,,
E149,中国,冠心病（报告汇总）,11390000,,不同年份汇编（2022报告）,原研究年龄框架,现患人数/患病率,https://pmc.ncbi.nlm.nih.gov/articles/PMC10752444/,报告汇总的历史量级；非单一当前年度全国确诊人数,心血管,约,,2022,pending,,False,False,,,,原始研究 / 机构报告,,
E150,中国,卒中（报告汇总）,13000000,,不同年份汇编（2022报告）,原研究年龄框架,现患人数/患病率,https://pmc.ncbi.nlm.nih.gov/articles/PMC10752444/,历史量级；不同于较新GBD卒中口径，不计入2018面板,心血管,约,,2022,pending,,False,False,,,,原始研究 / 机构报告,,
E151,中国,心力衰竭（报告汇总）,8900000,,不同年份汇编（2022报告）,原研究年龄框架,现患人数/患病率,https://pmc.ncbi.nlm.nih.gov/articles/PMC10752444/,可能与冠心病等共病；不能再与心血管父类合计,心血管,约,,2022,pending,,False,False,,,,原始研究 / 机构报告,,
E152,中国,心房颤动（报告汇总）,4870000,,不同年份汇编（2022报告）,原研究年龄框架,现患人数/患病率,https://pmc.ncbi.nlm.nih.gov/articles/PMC10752444/,报告历史估计，非统一2026截面,心血管,约,,2022,pending,,False,False,,,,原始研究 / 机构报告,,
E153,新加坡,高血压（老年）,,0.537,2023,≥60岁居民；WiSE,现患人数/患病率,https://www.nature.com/articles/s41598-025-30311-y,医生诊断自报/研究量表；不是全部成年人患病率,老年,加权调查,,2023,verified,2026-10-05,True,False,,,,原始研究 / 机构报告,,
E154,新加坡,糖尿病（老年）,,0.249,2023,≥60岁居民；WiSE,现患人数/患病率,https://www.nature.com/articles/s41598-025-30311-y,医生诊断自报/研究量表；不是全部成年人患病率,老年,加权调查,,2023,verified,2026-10-05,True,False,587,,,原始研究 / 机构报告,Diabetes mellitus,
E155,新加坡,关节炎/风湿病（老年）,,0.255,2023,≥60岁居民；WiSE,现患人数/患病率,https://www.nature.com/articles/s41598-025-30311-y,医生诊断自报/研究量表；不是全部成年人患病率,老年,加权调查,,2023,verified,2026-10-05,True,False,,,,原始研究 / 机构报告,,
E156,新加坡,痴呆（≥60岁）,73918,0.088,2023,≥60岁居民；人数按研究人口加权,现患人数/患病率,https://doi.org/10.1002/alz.14485,"WiSE2023，研究折合73,918；MOH2025亦表述约74,000；2022–2023调查患病率投射至2022老年居民人口；不是2026现患总人数",神经,加权推算,,2023,pending,,True,False,,,,原始研究 / 机构报告,,
E157,新加坡,重性抑郁障碍,,0.023,SMHS2016（访问2016–18）,≥18岁居民,过去12个月患病率,https://pmc.ncbi.nlm.nih.gov/articles/PMC8061188/,WHO-CIDI/DSM-IV；不是当前点患病率，单独面板 本轮尚未逐条重新核验SMHS2016原始表，不进入当前时点模型。,精神,加权调查,sgmental_mdd,2016,pending,,False,False,568,,,原始研究 / 机构报告,Major depressive disorder,
E158,新加坡,重性抑郁障碍（30天）,,0.004,SMHS2016（访问2016–18）,≥18岁居民,过去30天患病率,https://pmc.ncbi.nlm.nih.gov/articles/PMC8061188/,同源另一时间窗；不得与12个月行相加 本轮尚未逐条重新核验SMHS2016原始表，不进入当前时点模型。,精神,加权调查,,2016,pending,,False,False,,,,原始研究 / 机构报告,,
E159,新加坡,持续性心境低落,,0.002,SMHS2016（访问2016–18）,≥18岁居民,过去12个月患病率,https://pmc.ncbi.nlm.nih.gov/articles/PMC8061188/,WHO-CIDI/DSM-IV；不是当前点患病率，单独面板 本轮尚未逐条重新核验SMHS2016原始表，不进入当前时点模型。,精神,加权调查,sgmental_dysthymia,2016,pending,,False,False,569,,,原始研究 / 机构报告,Dysthymia,
E160,新加坡,持续性心境低落（30天）,,0.001,SMHS2016（访问2016–18）,≥18岁居民,过去30天患病率,https://pmc.ncbi.nlm.nih.gov/articles/PMC8061188/,同源另一时间窗；不得与12个月行相加 本轮尚未逐条重新核验SMHS2016原始表，不进入当前时点模型。,精神,加权调查,,2016,pending,,False,False,,,,原始研究 / 机构报告,,
E161,新加坡,双相障碍,,0.009,SMHS2016（访问2016–18）,≥18岁居民,过去12个月患病率,https://pmc.ncbi.nlm.nih.gov/articles/PMC8061188/,WHO-CIDI/DSM-IV；不是当前点患病率，单独面板 本轮尚未逐条重新核验SMHS2016原始表，不进入当前时点模型。,精神,加权调查,sgmental_bipolar,2016,pending,,False,False,570,,,原始研究 / 机构报告,Bipolar disorder,
E162,新加坡,双相障碍（30天）,,0.003,SMHS2016（访问2016–18）,≥18岁居民,过去30天患病率,https://pmc.ncbi.nlm.nih.gov/articles/PMC8061188/,同源另一时间窗；不得与12个月行相加 本轮尚未逐条重新核验SMHS2016原始表，不进入当前时点模型。,精神,加权调查,,2016,pending,,False,False,,,,原始研究 / 机构报告,,
E163,新加坡,广泛性焦虑障碍,,0.008,SMHS2016（访问2016–18）,≥18岁居民,过去12个月患病率,https://pmc.ncbi.nlm.nih.gov/articles/PMC8061188/,WHO-CIDI/DSM-IV；不是当前点患病率，单独面板 本轮尚未逐条重新核验SMHS2016原始表，不进入当前时点模型。,精神,加权调查,sgmental_gad,2016,pending,,False,False,,,,原始研究 / 机构报告,,
E164,新加坡,广泛性焦虑障碍（30天）,,0.002,SMHS2016（访问2016–18）,≥18岁居民,过去30天患病率,https://pmc.ncbi.nlm.nih.gov/articles/PMC8061188/,同源另一时间窗；不得与12个月行相加 本轮尚未逐条重新核验SMHS2016原始表，不进入当前时点模型。,精神,加权调查,,2016,pending,,False,False,,,,原始研究 / 机构报告,,
E165,新加坡,强迫障碍,,0.029,SMHS2016（访问2016–18）,≥18岁居民,过去12个月患病率,https://pmc.ncbi.nlm.nih.gov/articles/PMC8061188/,WHO-CIDI/DSM-IV；不是当前点患病率，单独面板 本轮尚未逐条重新核验SMHS2016原始表，不进入当前时点模型。,精神,加权调查,sgmental_ocd,2016,pending,,False,False,,,,原始研究 / 机构报告,,
E166,新加坡,强迫障碍（30天）,,0.017,SMHS2016（访问2016–18）,≥18岁居民,过去30天患病率,https://pmc.ncbi.nlm.nih.gov/articles/PMC8061188/,同源另一时间窗；不得与12个月行相加 本轮尚未逐条重新核验SMHS2016原始表，不进入当前时点模型。,精神,加权调查,,2016,pending,,False,False,,,,原始研究 / 机构报告,,
E167,新加坡,酒精滥用,,0.006,SMHS2016（访问2016–18）,≥18岁居民,过去12个月患病率,https://pmc.ncbi.nlm.nih.gov/articles/PMC8061188/,WHO-CIDI/DSM-IV；不是当前点患病率，单独面板 本轮尚未逐条重新核验SMHS2016原始表，不进入当前时点模型。,精神,加权调查,sgmental_alcohol_abuse,2016,pending,,False,False,,,,原始研究 / 机构报告,,
E168,新加坡,酒精滥用（30天）,,0.001,SMHS2016（访问2016–18）,≥18岁居民,过去30天患病率,https://pmc.ncbi.nlm.nih.gov/articles/PMC8061188/,同源另一时间窗；不得与12个月行相加 本轮尚未逐条重新核验SMHS2016原始表，不进入当前时点模型。,精神,加权调查,,2016,pending,,False,False,,,,原始研究 / 机构报告,,
E169,新加坡,酒精依赖,,0.002,SMHS2016（访问2016–18）,≥18岁居民,过去12个月患病率,https://pmc.ncbi.nlm.nih.gov/articles/PMC8061188/,WHO-CIDI/DSM-IV；不是当前点患病率，单独面板 本轮尚未逐条重新核验SMHS2016原始表，不进入当前时点模型。,精神,加权调查,sgmental_alcohol_dependence,2016,pending,,False,False,,,,原始研究 / 机构报告,,
E170,新加坡,酒精依赖（30天）,,0.001,SMHS2016（访问2016–18）,≥18岁居民,过去30天患病率,https://pmc.ncbi.nlm.nih.gov/articles/PMC8061188/,同源另一时间窗；不得与12个月行相加 本轮尚未逐条重新核验SMHS2016原始表，不进入当前时点模型。,精神,加权调查,,2016,pending,,False,False,,,,原始研究 / 机构报告,,
E171,新加坡,心理健康不佳（筛查）,,0.154,2024,18–74岁居民,GHQ-12筛查阳性比例,https://isomer-user-content.by.gov.sg/3/4cad4e62-8093-48de-b0d1-af8e012d4d95/NPHS%202024%20Survey%20Report_Final.pdf,不是抑郁症诊断，当前体检/疾病面板排除,精神,筛查,,2024,pending,,True,False,,,,NPHS 2024,,
E172,中国,抑郁障碍,59642000,,2023,全龄；31省级单位及香港、澳门,现患人数/患病率,https://www.thelancet.com/journals/lanwpc/article/PIIS2666-6065(26)00140-9/fulltext,"2026-07-27发表；表1单位千人，已转换；95%UI 53,583,000–67,861,000；未叠加至2018面板",精神/神经发育,约,,2023,verified,2026-10-05,True,False,567,,,原始研究 / 机构报告,Depressive disorders,
E173,中国,焦虑障碍,58670000,,2023,全龄；31省级单位及香港、澳门,现患人数/患病率,https://www.thelancet.com/journals/lanwpc/article/PIIS2666-6065(26)00140-9/fulltext,"2026-07-27发表；表1单位千人，已转换；95%UI 44,481,000–79,260,000；未叠加至2018面板",精神/神经发育,约,,2023,verified,2026-10-05,True,False,571,,,原始研究 / 机构报告,Anxiety disorders,
E174,中国,注意缺陷多动障碍（ADHD）,21764000,,2023,全龄；31省级单位及香港、澳门,现患人数/患病率,https://www.thelancet.com/journals/lanwpc/article/PIIS2666-6065(26)00140-9/fulltext,"2026-07-27发表；表1单位千人，已转换；95%UI 15,910,000–29,460,000；未叠加至2018面板",精神/神经发育,约,,2023,verified,2026-10-05,True,False,578,,,原始研究 / 机构报告,Attention-deficit/hyperactivity disorder,
E175,中国,特发性发育性智力障碍,12811000,,2023,全龄；31省级单位及香港、澳门,现患人数/患病率,https://www.thelancet.com/journals/lanwpc/article/PIIS2666-6065(26)00140-9/fulltext,"2026-07-27发表；表1单位千人，已转换；95%UI 6,756,000–22,275,000；未叠加至2018面板",精神/神经发育,约,,2023,verified,2026-10-05,True,False,582,,,原始研究 / 机构报告,Idiopathic developmental intellectual disability,
E176,中国,自闭症谱系障碍,6922000,,2023,全龄；31省级单位及香港、澳门,现患人数/患病率,https://www.thelancet.com/journals/lanwpc/article/PIIS2666-6065(26)00140-9/fulltext,"2026-07-27发表；表1单位千人，已转换；95%UI 4,378,000–10,406,000；未叠加至2018面板",精神/神经发育,约,,2023,verified,2026-10-05,True,False,575,,,原始研究 / 机构报告,Autism spectrum disorders,
E177,中国,品行障碍,4703000,,2023,全龄；31省级单位及香港、澳门,现患人数/患病率,https://www.thelancet.com/journals/lanwpc/article/PIIS2666-6065(26)00140-9/fulltext,"2026-07-27发表；表1单位千人，已转换；95%UI 3,398,000–5,931,000；未叠加至2018面板",精神/神经发育,约,,2023,verified,2026-10-05,True,False,579,,,原始研究 / 机构报告,Conduct disorder,
E178,中国,精神分裂症,5395000,,2023,全龄；31省级单位及香港、澳门,现患人数/患病率,https://www.thelancet.com/journals/lanwpc/article/PIIS2666-6065(26)00140-9/fulltext,"2026-07-27发表；表1单位千人，已转换；95%UI 4,520,000–6,340,000；未叠加至2018面板",精神/神经发育,约,,2023,verified,2026-10-05,True,False,559,,,原始研究 / 机构报告,Schizophrenia,
E179,中国,双相障碍,3421000,,2023,全龄；31省级单位及香港、澳门,现患人数/患病率,https://www.thelancet.com/journals/lanwpc/article/PIIS2666-6065(26)00140-9/fulltext,"2026-07-27发表；表1单位千人，已转换；95%UI 2,972,000–4,015,000；未叠加至2018面板",精神/神经发育,约,,2023,verified,2026-10-05,True,False,570,,,原始研究 / 机构报告,Bipolar disorder,
E180,中国,进食障碍,1968000,,2023,全龄；31省级单位及香港、澳门,现患人数/患病率,https://www.thelancet.com/journals/lanwpc/article/PIIS2666-6065(26)00140-9/fulltext,"2026-07-27发表；表1单位千人，已转换；95%UI 1,527,000–2,662,000；未叠加至2018面板",精神/神经发育,约,,2023,verified,2026-10-05,True,False,572,,,原始研究 / 机构报告,Eating disorders,
E181,中国,其他精神障碍,26768000,,2023,全龄；31省级单位及香港、澳门,现患人数/患病率,https://www.thelancet.com/journals/lanwpc/article/PIIS2666-6065(26)00140-9/fulltext,"2026-07-27发表；表1单位千人，已转换；95%UI 21,290,000–33,849,000；未叠加至2018面板",精神/神经发育,约,,2023,verified,2026-10-05,True,False,585,,,原始研究 / 机构报告,Other mental disorders,
E182,全球,头痛类疾病,2900000000,,2023,全龄，两性合计,现患人数/患病率,https://doi.org/10.1016/S1474-4422(25)00402-8,GBD2023头痛专项研究；不同版本变化不等于真实时序变化。不另叠加偏头痛/紧张型头痛。,神经系统,约,,2023,verified,2026-10-05,True,True,972,2600000000,3100000000,GBD 2023 · 原始研究,Headache disorders,
E183,全球,主要口腔疾病,3730000000,,2023,全龄，两性合计,现患人数/患病率,https://pubmed.ncbi.nlm.nih.gov/42612648/,GBD2023口腔专项，2026年发表；包含龋齿、重度牙周病、缺牙等。原文称prevalent cases，模型只按一个聚合指标，不能再加其子类。,口腔,约,,2023,verified,2026-10-05,True,True,680,3450000000,4060000000,GBD 2023 · 原始研究,Oral disorders,
E184,全球,骨关节炎,595000000,,2020,全龄，两性合计；≥30岁病例模型,现患人数/患病率,https://pmc.ncbi.nlm.nih.gov/articles/PMC10477960/,已替换旧2019年WHO概览数字；这仍是2020年专项估计，不声称已经获得2023年所有年龄/部位的完整最新值。,肌肉骨骼,约,,2020,verified,2026-10-05,True,False,628,535000000,656000000,GBD 2023 · 原始研究,Osteoarthritis,
E185,全球,代谢功能障碍相关脂肪性肝病（MASLD）,1300000000,0.161,2023,全龄，两性合计,现患人数/患病率,https://www.broadinstitute.org/publications/broad1376231,原文约数；粗患病率16.1%。名称映射沿用GBD NAFLD框架，不与其他MASLD病程阶段再次相加。,消化系统,约,,2023,verified,2026-10-05,True,False,971,1200000000,1400000000,GBD 2023 · 原始研究,Nonalcoholic fatty liver disease including cirrhosis,
E186,中国,MASLD相关慢性肝病（含肝硬化）,288635767,,2023,全龄，两性合计,现患人数/患病率,https://link.springer.com/article/10.1007/s12072-026-11120-5,不是2.89亿人都有临床肝硬化。GBD的NAFLD including cirrhosis宽口径；不等于失代偿性肝硬化。,消化系统,约,,2023,verified,2026-10-05,True,False,971,264471288,317923081,GBD 2023 · 原始研究,Nonalcoholic fatty liver disease including cirrhosis,
E187,中国,痛风,17672308,,2023,全龄，两性合计,现患人数/患病率,https://weekly.chinacdc.cn/article/doi/10.46234/ccdcw2025.273?viewType=HTML,GBD2023中国分析，表1患病人数；未用年度新发或年龄标准化率代替人数。,肌肉骨骼,约,,2023,verified,2026-10-05,True,False,632,13878800,22353430,China CDC Weekly · GBD2023,Gout,
E188,中国,腰痛,95323956,,2023,全龄，两性合计,现患人数/患病率,https://weekly.chinacdc.cn/article/doi/10.46234/ccdcw2025.273?viewType=HTML,GBD2023中国分析，表1患病人数；未用年度新发或年龄标准化率代替人数。,肌肉骨骼,约,,2023,verified,2026-10-05,True,False,630,83625063,107778790,China CDC Weekly · GBD2023,Low back pain,
E189,中国,骨关节炎,161742448,,2023,全龄，两性合计,现患人数/患病率,https://weekly.chinacdc.cn/article/doi/10.46234/ccdcw2025.273?viewType=HTML,GBD2023中国分析，表1患病人数；未用年度新发或年龄标准化率代替人数。,肌肉骨骼,约,,2023,verified,2026-10-05,True,False,628,142905114,180660772,China CDC Weekly · GBD2023,Osteoarthritis,
E190,中国,类风湿关节炎,4985071,,2023,全龄，两性合计,现患人数/患病率,https://weekly.chinacdc.cn/article/doi/10.46234/ccdcw2025.273?viewType=HTML,GBD2023中国分析，表1患病人数；未用年度新发或年龄标准化率代替人数。,肌肉骨骼,约,,2023,verified,2026-10-05,True,False,627,4389031,5800940,China CDC Weekly · GBD2023,Rheumatoid arthritis,
E191,全球,肌肉骨骼疾病总类,1724263000,,2023,全龄，两性合计,现患人数/患病率,https://pmc.ncbi.nlm.nih.gov/articles/PMC13571934/,原文表1单位为万人，172426.3万；聚合类别不能与腰痛、骨关节炎等子类相加。,肌肉骨骼,约,,2023,verified,2026-10-05,True,True,626,1640230200,1816122600,GBD 2023 · 原始研究,Musculoskeletal disorders,
E192,中国,肌肉骨骼疾病总类,346580000,,2023,全龄，两性合计,现患人数/患病率,https://pmc.ncbi.nlm.nih.gov/articles/PMC13571934/,原文表2中国346.58 million，约数；不与子类相加。,肌肉骨骼,约,,2023,verified,2026-10-05,True,True,626,,,GBD 2023 · 原始研究,Musculoskeletal disorders,
E193,全球,慢性呼吸系统疾病总类,569200000,,2023,全龄，两性合计,现患人数/患病率,https://www.nature.com/articles/s41591-025-04077-9,2026年发表；含慢阻肺、哮喘等多个病种，不能直接作为慢阻肺人数。,呼吸系统,约,,2023,verified,2026-10-05,True,True,508,508800000,639800000,GBD 2023 · 原始研究,Chronic respiratory diseases,
E194,全球,子宫内膜异位症,190000000,0.1,原页未明确,育龄女性,现患人数/患病率,https://www.who.int/news-room/fact-sheets/detail/endometriosis,WHO概览约10%育龄女性；不是全人口10%。估计年未明确。,泌尿生殖,约,,,verified,2026-10-05,True,False,607,,,WHO · Endometriosis,Endometriosis,
E195,全球,贫血（非孕女性）,539000000,0.3,2019,15–49岁非孕女性,现患人数/患病率,https://www.who.int/news-room/fact-sheets/detail/anaemia,限定人群，不是全球所有贫血人数；不与膳食铁缺乏直接相加。,营养与血液,约,,2019,verified,2026-10-05,True,False,,,,WHO · Anaemia,,
E196,全球,贫血（孕妇）,32000000,0.37,2019,15–49岁孕妇,现患人数/患病率,https://www.who.int/news-room/fact-sheets/detail/anaemia,限定人群，同一人的孕期状态随时间变化。,营养与血液,约,,2019,verified,2026-10-05,True,False,,,,WHO · Anaemia,,
E197,全球,贫血（幼儿）,269000000,,2019,6–59月龄幼儿,现患人数/患病率,https://www.who.int/news-room/fact-sheets/detail/anaemia,限定幼儿年龄；不能当作全龄贫血人数。,营养与血液,约,,2019,verified,2026-10-05,True,False,,,,WHO · Anaemia,,
E198,全球,HSV-1感染,3800000000,0.64,2020,50岁以下人群,现患人数/患病率,https://www.who.int/news-room/fact-sheets/detail/herpes-simplex-virus,感染不等于当下出现疱疹症状；含口腔和生殖器感染。不纳入重大临床疾病模型。,传染性疾病,约,,2020,verified,2026-10-05,True,False,,,,WHO · Herpes simplex virus,,
E199,全球,HSV-2感染,520000000,0.13,2020,15–49岁人群,现患人数/患病率,https://www.who.int/news-room/fact-sheets/detail/herpes-simplex-virus,感染不等于当下症状；与HSV-1允许共感染，不能混合累加为独立人头。,传染性疾病,约,,2020,verified,2026-10-05,True,False,398,,,WHO · Herpes simplex virus,Genital herpes,
E200,全球,土源性蠕虫感染,1500000000,,原页未明确,全龄，WHO概览,现患人数/患病率,https://www.who.int/news-room/fact-sheets/detail/soil-transmitted-helminth-infections,WHO页面重复引用较旧约数，24%分母与当前人口不一致；仅参考，不能称为最新实测。,传染性疾病,约,,,verified,2026-10-05,False,True,360,,,WHO · Soil-transmitted helminth infections,Intestinal nematode infections,
E201,全球,卡波西肉瘤,67896,,2024,全龄；依肿瘤部位限定适用性别,5年患病人数（不是活动性癌症现患）,https://gco.iarc.who.int/media/globocan/factsheets/populations/900-world-fact-sheet.pdf,官方PDF第2页，保留模型给出的整数；0是来源公布值，不代表漏项。,肿瘤,约,,2024,verified,2026-10-05,True,False,,,,IARC · GLOBOCAN 2024（2026年7月版）,,
E202,中国,阴道癌,7456,,2024,全龄；依肿瘤部位限定适用性别,5年患病人数（不是活动性癌症现患）,https://gco.iarc.who.int/media/globocan/factsheets/populations/156-china-fact-sheet.pdf,官方PDF第2页，保留模型给出的整数；0是来源公布值，不代表漏项。,肿瘤,约,,2024,verified,2026-10-05,True,False,,,,IARC · GLOBOCAN 2024（2026年7月版）,,
E203,新加坡,卡波西肉瘤,0,,2024,全龄；依肿瘤部位限定适用性别,5年患病人数（不是活动性癌症现患）,https://gco.iarc.who.int/media/globocan/factsheets/populations/702-singapore-fact-sheet.pdf,官方PDF第2页，保留模型给出的整数；0是来源公布值，不代表漏项。,肿瘤,约,,2024,verified,2026-10-05,True,False,,,,IARC · GLOBOCAN 2024（2026年7月版）,,
